{
  "GET Activties" : {
    "transaction" : "GET Activties",
    "sampleCount" : 30,
    "errorCount" : 0,
    "errorPct" : 0.0,
    "meanResTime" : 508.7333333333333,
    "medianResTime" : 506.0,
    "minResTime" : 483.0,
    "maxResTime" : 574.0,
    "pct1ResTime" : 535.6,
    "pct2ResTime" : 554.1999999999999,
    "pct3ResTime" : 574.0,
    "throughput" : 2.960623704727129,
    "receivedKBytesPerSec" : 8.9859555413007,
    "sentKBytesPerSec" : 0.5348783060298037
  },
  "PUT Activities" : {
    "transaction" : "PUT Activities",
    "sampleCount" : 30,
    "errorCount" : 0,
    "errorPct" : 0.0,
    "meanResTime" : 245.96666666666667,
    "medianResTime" : 244.5,
    "minResTime" : 238.0,
    "maxResTime" : 259.0,
    "pct1ResTime" : 255.5,
    "pct2ResTime" : 257.9,
    "pct3ResTime" : 259.0,
    "throughput" : 3.1302170283806343,
    "receivedKBytesPerSec" : 1.0481947451481637,
    "sentKBytesPerSec" : 0.9626028732783807
  },
  "POST Books" : {
    "transaction" : "POST Books",
    "sampleCount" : 30,
    "errorCount" : 0,
    "errorPct" : 0.0,
    "meanResTime" : 246.8666666666667,
    "medianResTime" : 245.5,
    "minResTime" : 239.0,
    "maxResTime" : 258.0,
    "pct1ResTime" : 255.8,
    "pct2ResTime" : 257.45,
    "pct3ResTime" : 258.0,
    "throughput" : 3.089280197713933,
    "receivedKBytesPerSec" : 1.1925707638245289,
    "sentKBytesPerSec" : 1.1141320088044486
  },
  "POST Activities" : {
    "transaction" : "POST Activities",
    "sampleCount" : 30,
    "errorCount" : 0,
    "errorPct" : 0.0,
    "meanResTime" : 249.46666666666664,
    "medianResTime" : 247.5,
    "minResTime" : 241.0,
    "maxResTime" : 271.0,
    "pct1ResTime" : 263.5,
    "pct2ResTime" : 269.9,
    "pct3ResTime" : 271.0,
    "throughput" : 3.0718820397296747,
    "receivedKBytesPerSec" : 1.0286604994368216,
    "sentKBytesPerSec" : 0.9386639553041163
  },
  "DELETE User By ID" : {
    "transaction" : "DELETE User By ID",
    "sampleCount" : 30,
    "errorCount" : 0,
    "errorPct" : 0.0,
    "meanResTime" : 247.53333333333333,
    "medianResTime" : 246.0,
    "minResTime" : 238.0,
    "maxResTime" : 269.0,
    "pct1ResTime" : 256.8,
    "pct2ResTime" : 262.4,
    "pct3ResTime" : 269.0,
    "throughput" : 3.1282586027111576,
    "receivedKBytesPerSec" : 0.6445923488008342,
    "sentKBytesPerSec" : 0.6235132625130344
  },
  "GET Books" : {
    "transaction" : "GET Books",
    "sampleCount" : 30,
    "errorCount" : 0,
    "errorPct" : 0.0,
    "meanResTime" : 1521.4666666666672,
    "medianResTime" : 1561.0,
    "minResTime" : 1310.0,
    "maxResTime" : 1630.0,
    "pct1ResTime" : 1616.9,
    "pct2ResTime" : 1625.6,
    "pct3ResTime" : 1630.0,
    "throughput" : 2.7056277056277054,
    "receivedKBytesPerSec" : 2403.6601012919373,
    "sentKBytesPerSec" : 0.47559862012987014
  },
  "GET Users" : {
    "transaction" : "GET Users",
    "sampleCount" : 30,
    "errorCount" : 0,
    "errorPct" : 0.0,
    "meanResTime" : 248.9666666666666,
    "medianResTime" : 247.5,
    "minResTime" : 239.0,
    "maxResTime" : 274.0,
    "pct1ResTime" : 258.0,
    "pct2ResTime" : 272.9,
    "pct3ResTime" : 274.0,
    "throughput" : 3.0690537084398977,
    "receivedKBytesPerSec" : 2.3497442455242967,
    "sentKBytesPerSec" : 0.5394820971867007
  },
  "GET Author By ID" : {
    "transaction" : "GET Author By ID",
    "sampleCount" : 30,
    "errorCount" : 0,
    "errorPct" : 0.0,
    "meanResTime" : 247.50000000000003,
    "medianResTime" : 247.0,
    "minResTime" : 240.0,
    "maxResTime" : 255.0,
    "pct1ResTime" : 253.9,
    "pct2ResTime" : 255.0,
    "pct3ResTime" : 255.0,
    "throughput" : 3.0962947672618433,
    "receivedKBytesPerSec" : 0.9987364859634638,
    "sentKBytesPerSec" : 0.5566678385282279
  },
  "DELETE Author By ID" : {
    "transaction" : "DELETE Author By ID",
    "sampleCount" : 30,
    "errorCount" : 0,
    "errorPct" : 0.0,
    "meanResTime" : 248.13333333333333,
    "medianResTime" : 247.0,
    "minResTime" : 238.0,
    "maxResTime" : 274.0,
    "pct1ResTime" : 260.5,
    "pct2ResTime" : 267.4,
    "pct3ResTime" : 274.0,
    "throughput" : 3.117530915514912,
    "receivedKBytesPerSec" : 0.6423818585680142,
    "sentKBytesPerSec" : 0.6274639860230697
  },
  "PUT Cover Photos" : {
    "transaction" : "PUT Cover Photos",
    "sampleCount" : 30,
    "errorCount" : 0,
    "errorPct" : 0.0,
    "meanResTime" : 246.26666666666662,
    "medianResTime" : 246.0,
    "minResTime" : 239.0,
    "maxResTime" : 255.0,
    "pct1ResTime" : 252.8,
    "pct2ResTime" : 254.45,
    "pct3ResTime" : 255.0,
    "throughput" : 3.1384035987027934,
    "receivedKBytesPerSec" : 0.9111790916936918,
    "sentKBytesPerSec" : 0.8100391319698714
  },
  "PUT Authors" : {
    "transaction" : "PUT Authors",
    "sampleCount" : 30,
    "errorCount" : 0,
    "errorPct" : 0.0,
    "meanResTime" : 246.6,
    "medianResTime" : 246.0,
    "minResTime" : 238.0,
    "maxResTime" : 262.0,
    "pct1ResTime" : 254.9,
    "pct2ResTime" : 259.8,
    "pct3ResTime" : 262.0,
    "throughput" : 3.1305436710842116,
    "receivedKBytesPerSec" : 0.9651490595325054,
    "sentKBytesPerSec" : 0.8673195698111239
  },
  "GET Cover By ID" : {
    "transaction" : "GET Cover By ID",
    "sampleCount" : 30,
    "errorCount" : 0,
    "errorPct" : 0.0,
    "meanResTime" : 249.16666666666669,
    "medianResTime" : 248.0,
    "minResTime" : 241.0,
    "maxResTime" : 280.0,
    "pct1ResTime" : 259.9,
    "pct2ResTime" : 272.3,
    "pct3ResTime" : 280.0,
    "throughput" : 3.105911585050212,
    "receivedKBytesPerSec" : 1.087069054767574,
    "sentKBytesPerSec" : 0.5614299163992131
  },
  "GET Activity By ID" : {
    "transaction" : "GET Activity By ID",
    "sampleCount" : 30,
    "errorCount" : 0,
    "errorPct" : 0.0,
    "meanResTime" : 248.5,
    "medianResTime" : 248.0,
    "minResTime" : 239.0,
    "maxResTime" : 263.0,
    "pct1ResTime" : 256.0,
    "pct2ResTime" : 261.35,
    "pct3ResTime" : 263.0,
    "throughput" : 3.097573567372225,
    "receivedKBytesPerSec" : 1.06378258905524,
    "sentKBytesPerSec" : 0.5659726703665462
  },
  "GET Book By ID" : {
    "transaction" : "GET Book By ID",
    "sampleCount" : 30,
    "errorCount" : 0,
    "errorPct" : 0.0,
    "meanResTime" : 303.63333333333327,
    "medianResTime" : 300.0,
    "minResTime" : 288.0,
    "maxResTime" : 325.0,
    "pct1ResTime" : 324.9,
    "pct2ResTime" : 325.0,
    "pct3ResTime" : 325.0,
    "throughput" : 3.080714725816389,
    "receivedKBytesPerSec" : 14.363431274388992,
    "sentKBytesPerSec" : 0.5478497573937153
  },
  "POST Authors" : {
    "transaction" : "POST Authors",
    "sampleCount" : 30,
    "errorCount" : 0,
    "errorPct" : 0.0,
    "meanResTime" : 248.19999999999996,
    "medianResTime" : 247.0,
    "minResTime" : 240.0,
    "maxResTime" : 273.0,
    "pct1ResTime" : 259.8,
    "pct2ResTime" : 270.8,
    "pct3ResTime" : 273.0,
    "throughput" : 3.080398398192833,
    "receivedKBytesPerSec" : 0.9496892327240989,
    "sentKBytesPerSec" : 0.8474103796591025
  },
  "DELETE Book By ID" : {
    "transaction" : "DELETE Book By ID",
    "sampleCount" : 30,
    "errorCount" : 0,
    "errorPct" : 0.0,
    "meanResTime" : 248.7,
    "medianResTime" : 247.0,
    "minResTime" : 239.0,
    "maxResTime" : 265.0,
    "pct1ResTime" : 261.6,
    "pct2ResTime" : 263.9,
    "pct3ResTime" : 265.0,
    "throughput" : 3.1214233690562896,
    "receivedKBytesPerSec" : 0.6431839168660909,
    "sentKBytesPerSec" : 0.622150888305067
  },
  "POST Cover Photos" : {
    "transaction" : "POST Cover Photos",
    "sampleCount" : 30,
    "errorCount" : 0,
    "errorPct" : 0.0,
    "meanResTime" : 250.7,
    "medianResTime" : 249.0,
    "minResTime" : 239.0,
    "maxResTime" : 274.0,
    "pct1ResTime" : 263.3,
    "pct2ResTime" : 269.6,
    "pct3ResTime" : 274.0,
    "throughput" : 3.0934213239843267,
    "receivedKBytesPerSec" : 0.8981192965044339,
    "sentKBytesPerSec" : 0.7923871223448133
  },
  "POST User" : {
    "transaction" : "POST User",
    "sampleCount" : 30,