{
  "GET Activties" : {
    "transaction" : "GET Activties",
    "sampleCount" : 30,
    "errorCount" : 0,
    "errorPct" : 0.0,
    "meanResTime" : 502.43333333333334,
    "medianResTime" : 494.0,
    "minResTime" : 472.0,
    "maxResTime" : 577.0,
    "pct1ResTime" : 559.0,
    "pct2ResTime" : 572.05,
    "pct3ResTime" : 577.0,
    "throughput" : 22.20577350111029,
    "receivedKBytesPerSec" : 67.33293625092524,
    "sentKBytesPerSec" : 4.011785251665433
  },
  "PUT Activities" : {
    "transaction" : "PUT Activities",
    "sampleCount" : 30,
    "errorCount" : 0,
    "errorPct" : 0.0,
    "meanResTime" : 247.1,
    "medianResTime" : 245.0,
    "minResTime" : 238.0,
    "maxResTime" : 309.0,
    "pct1ResTime" : 250.0,
    "pct2ResTime" : 277.09999999999997,
    "pct3ResTime" : 309.0,
    "throughput" : 7.158196134574087,
    "receivedKBytesPerSec" : 2.3970170454545454,
    "sentKBytesPerSec" : 2.201285119899785
  },
  "POST Books" : {
    "transaction" : "POST Books",
    "sampleCount" : 30,
    "errorCount" : 0,
    "errorPct" : 0.0,
    "meanResTime" : 246.19999999999996,
    "medianResTime" : 245.0,
    "minResTime" : 238.0,
    "maxResTime" : 258.0,
    "pct1ResTime" : 255.0,
    "pct2ResTime" : 256.9,
    "pct3ResTime" : 258.0,
    "throughput" : 7.532011046949536,
    "receivedKBytesPerSec" : 2.90762106138589,
    "sentKBytesPerSec" : 2.716378593396937
  },
  "POST Activities" : {
    "transaction" : "POST Activities",
    "sampleCount" : 30,
    "errorCount" : 0,
    "errorPct" : 0.0,
    "meanResTime" : 247.43333333333328,
    "medianResTime" : 246.0,
    "minResTime" : 238.0,
    "maxResTime" : 268.0,
    "pct1ResTime" : 258.40000000000003,
    "pct2ResTime" : 264.15,
    "pct3ResTime" : 268.0,
    "throughput" : 7.526342197691922,
    "receivedKBytesPerSec" : 2.520295644129453,
    "sentKBytesPerSec" : 2.2997973375564476
  },
  "DELETE User By ID" : {
    "transaction" : "DELETE User By ID",
    "sampleCount" : 30,
    "errorCount" : 0,
    "errorPct" : 0.0,
    "meanResTime" : 244.93333333333337,
    "medianResTime" : 245.0,
    "minResTime" : 237.0,
    "maxResTime" : 265.0,
    "pct1ResTime" : 249.8,
    "pct2ResTime" : 256.75,
    "pct3ResTime" : 265.0,
    "throughput" : 7.270964614638876,
    "receivedKBytesPerSec" : 1.4982163414929712,
    "sentKBytesPerSec" : 1.4492225369607368
  },
  "GET Books" : {
    "transaction" : "GET Books",
    "sampleCount" : 30,
    "errorCount" : 0,
    "errorPct" : 0.0,
    "meanResTime" : 1093.6,
    "medianResTime" : 689.5,
    "minResTime" : 532.0,
    "maxResTime" : 4733.0,
    "pct1ResTime" : 1803.9,
    "pct2ResTime" : 3166.599999999998,
    "pct3ResTime" : 4733.0,
    "throughput" : 6.338474540460596,
    "receivedKBytesPerSec" : 2143.9149406428273,
    "sentKBytesPerSec" : 1.1141849778153392
  },
  "GET Users" : {
    "transaction" : "GET Users",
    "sampleCount" : 30,
    "errorCount" : 0,
    "errorPct" : 0.0,
    "meanResTime" : 258.4666666666666,
    "medianResTime" : 251.0,
    "minResTime" : 237.0,
    "maxResTime" : 309.0,
    "pct1ResTime" : 293.6,
    "pct2ResTime" : 304.05,
    "pct3ResTime" : 309.0,
    "throughput" : 7.522567703109328,
    "receivedKBytesPerSec" : 5.7594658976930795,
    "sentKBytesPerSec" : 1.3223263540621866
  },
  "GET Author By ID" : {
    "transaction" : "GET Author By ID",
    "sampleCount" : 30,
    "errorCount" : 0,
    "errorPct" : 0.0,
    "meanResTime" : 245.03333333333333,
    "medianResTime" : 245.0,
    "minResTime" : 237.0,
    "maxResTime" : 254.0,
    "pct1ResTime" : 249.0,
    "pct2ResTime" : 254.0,
    "pct3ResTime" : 254.0,
    "throughput" : 7.539582809751193,
    "receivedKBytesPerSec" : 2.4319572285750186,
    "sentKBytesPerSec" : 1.3555050735109324
  },
  "DELETE Author By ID" : {
    "transaction" : "DELETE Author By ID",
    "sampleCount" : 30,
    "errorCount" : 0,
    "errorPct" : 0.0,
    "meanResTime" : 244.23333333333335,
    "medianResTime" : 244.5,
    "minResTime" : 236.0,
    "maxResTime" : 250.0,
    "pct1ResTime" : 248.9,
    "pct2ResTime" : 250.0,
    "pct3ResTime" : 250.0,
    "throughput" : 7.343941248470013,
    "receivedKBytesPerSec" : 1.5132535189718483,
    "sentKBytesPerSec" : 1.4781116126070992
  },
  "PUT Cover Photos" : {
    "transaction" : "PUT Cover Photos",
    "sampleCount" : 30,
    "errorCount" : 0,
    "errorPct" : 0.0,
    "meanResTime" : 249.53333333333336,
    "medianResTime" : 247.0,
    "minResTime" : 238.0,
    "maxResTime" : 309.0,
    "pct1ResTime" : 258.7,
    "pct2ResTime" : 283.15,
    "pct3ResTime" : 309.0,
    "throughput" : 6.850879196163508,
    "receivedKBytesPerSec" : 1.9890296728705186,
    "sentKBytesPerSec" : 1.7682493862754056
  },
  "PUT Authors" : {
    "transaction" : "PUT Authors",
    "sampleCount" : 30,
    "errorCount" : 0,
    "errorPct" : 0.0,
    "meanResTime" : 246.73333333333332,
    "medianResTime" : 245.0,
    "minResTime" : 237.0,
    "maxResTime" : 308.0,
    "pct1ResTime" : 251.8,
    "pct2ResTime" : 278.29999999999995,
    "pct3ResTime" : 308.0,
    "throughput" : 7.052186177715092,
    "receivedKBytesPerSec" : 2.1741945081100145,
    "sentKBytesPerSec" : 1.9538136900564176
  },
  "GET Cover By ID" : {
    "transaction" : "GET Cover By ID",
    "sampleCount" : 30,
    "errorCount" : 0,
    "errorPct" : 0.0,
    "meanResTime" : 244.76666666666665,
    "medianResTime" : 246.0,
    "minResTime" : 236.0,
    "maxResTime" : 253.0,
    "pct1ResTime" : 249.0,
    "pct2ResTime" : 251.35,
    "pct3ResTime" : 253.0,
    "throughput" : 7.524454477050414,
    "receivedKBytesPerSec" : 2.6335590669676447,
    "sentKBytesPerSec" : 1.360133323927765
  },
  "GET Activity By ID" : {
    "transaction" : "GET Activity By ID",
    "sampleCount" : 30,
    "errorCount" : 0,
    "errorPct" : 0.0,
    "meanResTime" : 245.29999999999998,
    "medianResTime" : 244.5,
    "minResTime" : 237.0,
    "maxResTime" : 259.0,
    "pct1ResTime" : 255.5,
    "pct2ResTime" : 257.9,
    "pct3ResTime" : 259.0,
    "throughput" : 7.539582809751193,
    "receivedKBytesPerSec" : 2.589277299572757,
    "sentKBytesPerSec" : 1.3775936950238754
  },
  "GET Book By ID" : {
    "transaction" : "GET Book By ID",
    "sampleCount" : 30,
    "errorCount" : 0,
    "errorPct" : 0.0,
    "meanResTime" : 249.46666666666667,
    "medianResTime" : 249.0,
    "minResTime" : 240.0,
    "maxResTime" : 271.0,
    "pct1ResTime" : 255.9,
    "pct2ResTime" : 262.75,
    "pct3ResTime" : 271.0,
    "throughput" : 7.520681875156681,
    "receivedKBytesPerSec" : 5.444415502005516,
    "sentKBytesPerSec" : 1.3374181342441716
  },
  "POST Authors" : {
    "transaction" : "POST Authors",
    "sampleCount" : 30,
    "errorCount" : 0,
    "errorPct" : 0.0,
    "meanResTime" : 245.4333333333333,
    "medianResTime" : 246.5,
    "minResTime" : 237.0,
    "maxResTime" : 254.0,
    "pct1ResTime" : 250.0,
    "pct2ResTime" : 252.35,
    "pct3ResTime" : 254.0,
    "throughput" : 7.526342197691922,
    "receivedKBytesPerSec" : 2.3203771795032613,
    "sentKBytesPerSec" : 2.0704790987205217
  },
  "DELETE Book By ID" : {
    "transaction" : "DELETE Book By ID",
    "sampleCount" : 30,
    "errorCount" : 0,
    "errorPct" : 0.0,
    "meanResTime" : 245.33333333333331,
    "medianResTime" : 246.0,
    "minResTime" : 236.0,
    "maxResTime" : 268.0,
    "pct1ResTime" : 248.9,
    "pct2ResTime" : 258.09999999999997,
    "pct3ResTime" : 268.0,
    "throughput" : 7.304601899196494,
    "receivedKBytesPerSec" : 1.50514746165084,
    "sentKBytesPerSec" : 1.45592699963477
  },
  "POST Cover Photos" : {
    "transaction" : "POST Cover Photos",
    "sampleCount" : 30,
    "errorCount" : 0,
    "errorPct" : 0.0,
    "meanResTime" : 245.66666666666669,
    "medianResTime" : 246.0,
    "minResTime" : 238.0,
    "maxResTime" : 256.0,
    "pct1ResTime" : 249.9,
    "pct2ResTime" : 252.7,
    "pct3ResTime" : 256.0,
    "throughput" : 7.532011046949536,
    "receivedKBytesPerSec" : 2.186784066658298,
    "sentKBytesPerSec" : 1.9293422828270148
  },